{
  "ViewName": "Nível 1",
  "Points": [
    {
      "X": 2.62655557052325,
      "Y": 47.8415984391073,
      "Z": 0
    },
    {
      "X": -26.8978097037929,
      "Y": 12.6558300543774,
      "Z": 0
    },
    {
      "X": 3.26142034026135,
      "Y": -12.6507687521793,
      "Z": 0
    },
    {
      "X": 51.7263688152716,
      "Y": -4.1050907173895,
      "Z": 0
    }
  ]
}